John Doe, johndoe@gmail.com,  ,male,United Kingdom 
John Doe, johndoe@gmail.com,  ,male,United Kingdom 
John Doe, johndoe@gmail.com,  ,male,United Kingdom 
John Doe, johndoe@gmail.com,  ,male,United Kingdom 
John Doe, johndoe@gmail.com,  ,male,United Kingdom 
John Doe, johndoe@gmail.com,  ,male,United Kingdom 
John Doe, johndoe@gmail.com,  ,male,United Kingdom 
John Doe, johndoe@gmail.com,  ,male,United Kingdom 
John Doe, johndoe@gmail.com,  ,male,United Kingdom 
John Doe, johndoe@gmail.com, 2022-09-12 ,male,United Kingdom 
John Doe, johndoe@gmail.com, 2022-09-12 ,male,United Kingdom 
John Doe, johndoe@gmail.com, 2022-09-12 ,male,United Kingdom 
